season,week,num_contestants,judge_weight,fan_weight,judge_score_mean,judge_score_std,fan_vote_mean,fan_vote_std,fan_vote_cv_mean,total_uncertainty_mean,entropy_judge_weight,entropy_fan_weight,std_judge_weight,std_fan_weight
1,1,6,,,18.166666666666668,2.4776781245530843,4.999999999999999,8.881784197001252e-16,1.6653345369377348e-16,0.12441421392675901,0.28031191715789655,0.08378073309637242,0.33333333333322224,0.0
1,2,6,0.1598625317499824,0.17202402154948945,20.166666666666668,4.058598553961974,4.999999999999999,2.6045699750411617,1.236461785102199e-16,0.12441421392675896,0.1330909468029928,0.16342824463538133,0.19999999999996,0.19999999999996
1,3,5,0.23159894428963465,0.2514577385690746,21.2,4.445222154178574,5.999999999999999,1.8321281493606087,1.2255781657853465e-16,0.14165265907766156,0.2117412060195432,0.28069216832200306,0.19999999999996,0.19999999999996
1,4,4,0.08485534481492477,-0.985190780505663,23.0,2.5495097567963922,7.499999999999999,4.013357734865897,1.9784699481305044e-16,0.13296996866266717,0.017325983579912652,0.16458519690511533,0.19999999999996,0.19999999999996
1,5,3,0.27222714123013486,0.20670100054276713,24.333333333333332,1.9293061504650377,9.999999999999998,2.6845573356400356,1.9554050855298115e-16,0.14038163344949883,0.10891133973222415,0.273302144274431,0.19999999999995996,0.19999999999996
1,6,2,,,27.25,0.25,15.0,0.0,0.0,0.18355407517189873,-2.9884387589870324e-11,0.5000000000492398,0.33333333333322224,0.0
2,1,10,,,19.5,3.930648801406709,2.9999999999999987,1.213301414869818,0.05993182994584412,0.19423833746534414,,,,
2,2,9,0.18434893836265268,0.26043515565982006,22.22222222222222,3.993822390135873,3.3333333333333313,1.3954987272523183,0.05583594737810302,0.1857854674254814,0.18413493259901587,0.21913315081039758,0.19999999999996,0.19999999999996
2,3,8,0.16279872434270865,0.1618590092549325,22.75,4.235268586524354,3.7499999999999996,2.0273048655927584,0.05734634646297097,0.17702305222177617,0.1295962608201521,0.1486804605188786,0.19999999999996,0.19999999999996
2,4,7,0.18491100002072572,0.2724774067965711,22.571428571428573,6.275966467568227,4.285714285714285,1.4118484248740273,1.418500929241416e-16,0.13056219788583961,0.18892014060980716,0.3644776537125041,0.19999999999996,0.19999999999996
2,5,6,0.17773083565593129,0.29227192510168304,25.166666666666668,2.6718699236468995,4.999999999999999,1.5955404464772365,1.1383320566649498e-16,0.10678056079588127,0.14117950965327236,0.36784408739840996,0.19999999999996,0.19999999999996
2,6,5,0.1725067885166141,0.26267905347940246,26.6,3.1368774282716245,5.999999999999998,2.4222149067684637,5.458190077554245e-17,0.1068367621482472,0.12316070109255407,0.274935928271369,0.19999999999996004,0.19999999999996
2,7,4,0.17797141876516304,0.19860088334311934,25.5,2.9154759474226504,7.499999999999998,2.9949704621952034,3.186571280903095e-17,0.10971220901634024,0.137457609202682,0.2354371163656277,0.19999999999996,0.19999999999996
2,8,3,,,28.110966666666666,1.0303457424034355,10.0,0.0,1.665334536937735e-16,0.10169203749605878,0.206890450880994,0.16846393505634932,0.3333333333332222,0.0
3,1,11,,,19.272727272727273,3.979285205134416,2.7272727272727253,0.6923432702881201,0.03017727231303565,0.16109619266740666,,,,
3,2,10,0.1768332977534904,0.24918194879008793,23.0,2.756809750418044,2.999999999999999,0.8663566381912662,0.04807976987965629,0.17791756044826929,0.1453861256172876,0.2824706282816532,0.19999999999996,0.19999999999996
3,3,9,0.16415805884718349,0.27603251946428753,23.0,2.581988897471611,3.3333333333333326,1.0162739222453265,0.052291490883479744,0.18084221860001537,0.10464502947521986,0.34766876158812526,0.19999999999996004,0.19999999999996
3,4,8,0.16118959557411863,0.22467662607507527,24.75,2.8613807855648994,3.7499999999999987,1.1604988525426174,0.0530467765842532,0.18113039957120208,0.11289369971494001,0.24327118628353767,0.19999999999996,0.19999999999996
3,5,7,,,25.857142857142858,1.3552618543578767,4.285714285714284,0.0,0.0,0.13423664239563624,0.06081669326791935,0.20925426677960327,0.33333333333322224,0.0
3,6,5,0.28178114846615687,0.1456182341426969,23.6,3.2619012860600183,5.999999999999999,0.30086410051147566,0.022835229883246818,0.1496567285795757,0.3588393344910632,0.09593830324685984,0.19999999999996,0.19999999999996
3,7,5,0.27833188143665616,0.21659591991654664,27.0,2.073644135332772,5.9999999999999964,2.1806860155576198,0.03207224517474588,0.15889374387107477,0.345636286982391,0.2130886236963632,0.19999999999996,0.19999999999996
3,8,4,0.24009523086103468,0.1937238733371069,27.25,0.75,7.499999999999998,2.9793499429494483,0.03917124140212747,0.16247181812986397,0.2482802695201556,0.2118318584953137,0.19999999999996,0.19999999999996
3,9,3,,,29.5,0.0,9.999999999999995,4.297936075405568,0.031166129095914902,0.15768624961592234,0.18117227135797848,0.1819454522915025,0.0,0.24999999999993747
3,10,2,,,29.666600000000003,0.0,15.0,0.3543345978939101,0.0317002421404931,0.1621926317518545,1.00000000025673,-5.976877518919907e-11,0.0,0.2499999999999375
4,1,11,0.18306335638317003,0.18748339356466948,18.727272727272727,3.221826390303518,2.727272727272725,0.09859507916827288,0.01647132800237328,0.134812749453834,0.17331157343057885,0.1817392803338591,0.19999999999996,0.19999999999996004
4,2,11,0.17694281100351325,0.30652634098645964,22.272727272727273,2.5616368733827946,2.7272727272727266,0.7647729001215978,0.04913177371582917,0.1674731951672899,0.13182138620592992,0.3688362436871865,0.19999999999996,0.19999999999996
4,3,10,0.17656935072128183,0.277470403108958,21.8,2.4413111231467406,2.999999999999999,0.8661973731328361,0.04852052534156429,0.17162502112630565,0.1158775407206638,0.3557650586675945,0.19999999999996,0.19999999999996
4,4,9,0.20213440663767376,0.23065106991085654,21.11111111111111,4.382907316292449,3.3333333333333326,0.9535155821661494,0.0380933172361807,0.16932053477478223,0.1751041476402803,0.2987227995322442,0.19999999999996004,0.19999999999996
4,5,8,0.17483866868177206,0.28210338721898875,22.0,5.431390245600108,3.750000000000001,1.0624999716033974,0.030616039472310275,0.15033454941955746,0.14385018524639467,0.3767980189682898,0.19999999999996,0.19999999999996004
4,6,7,0.1778864093908168,0.348940406314381,24.285714285714285,3.282607226593159,4.285714285714285,1.4369068244719254,0.04128107670434592,0.1614667894237411,0.160944711926277,0.3876816806041429,0.19999999999996,0.19999999999996
4,7,6,0.1572897959529668,0.2075103598808963,25.75,3.816084380618437,4.999999999999998,1.7184031926498005,0.03810728136428583,0.16090585061070398,0.11919869482175094,0.22882427288028073,0.19999999999996,0.19999999999996
4,8,5,0.148522105666052,0.1852262068777897,25.1,3.5411862419251543,5.999999999999998,2.0922141305423185,0.029463385175075556,0.1529024024406927,0.12829845661049644,0.1925980856467723,0.19999999999996,0.19999999999995996
4,9,4,0.10133417722035343,0.23424222856971183,29.625,0.414578098794425,7.500000000000002,2.991012425137631,0.039327550713888,0.1564101759176701,0.13924095459973984,0.19509502799650968,0.19999999999996,0.19999999999996
4,10,3,0.2381675920353219,0.24374258904648027,28.777633333333338,0.41574267949725185,10.000000000000005,0.09454753934475593,0.0251190391324774,0.1481076618462995,0.24620559633634023,0.2567479978233525,0.19999999999996,0.19999999999996
5,1,12,,,21.416666666666668,2.812422838447701,2.4999999999999987,0.6295788402595911,0.036797350805601266,0.12730302888779274,,,,
5,2,11,0.20885559399370063,0.2398008465023767,21.636363636363637,3.226952608963427,2.7272727272727266,0.7808778144012339,0.050708122376145075,0.14035562983926367,0.16148041711208325,0.30072789427694463,0.19999999999996,0.19999999999996
5,3,10,0.1570369373815257,0.26985061672375593,23.9,3.1128764832546763,3.0,0.8144095569858709,0.03334476093231313,0.13195701914174363,0.1083111786829009,0.33612066156275255,0.19999999999996,0.19999999999996
5,4,9,0.19852566561879206,0.22943250694526823,26.0,2.211083193570267,3.333333333333333,0.9861289952629115,0.04098126677946174,0.13720642975062722,0.23653761446421567,0.21307622048356115,0.19999999999996,0.19999999999996
5,5,8,0.1665409194583739,0.2262690206839003,24.875,2.8034576865007255,3.7499999999999982,1.1531106385176313,0.03586115474809101,0.13169547024240624,0.12454656040768769,0.26280840579956827,0.19999999999996,0.19999999999996
5,6,7,0.24408481110540792,0.2799486474591857,25.714285714285715,2.602981022612657,4.285714285714284,1.4242891043541621,0.04070682384097166,0.13961148210331012,0.17080606520444144,0.3676915937819112,0.19999999999996,0.19999999999996
5,7,6,0.22653995821234052,0.24166491846544672,26.0,0.6454972243679028,4.999999999999997,1.7806083297821693,0.04371915018349989,0.13896875016254248,0.30611055595716613,0.27611900652346283,0.19999999999996,0.19999999999996
5,8,5,0.15384297748775225,0.2616669928047649,26.3,1.6309506430300091,5.999999999999999,2.273098112439914,0.037458330837015635,0.13353824621841967,0.06970481661412413,0.31483850545508824,0.19999999999996,0.19999999999995996
5,9,4,0.29095755524954725,0.16207969941072392,29.25,0.82915619758885,7.500000000000001,3.0424995988229897,0.03465225170129028,0.13105041258573152,0.14042178283345366,0.19068952010201,0.19999999999996,0.19999999999996
5,10,3,0.1299068568348218,0.18039453830100696,26.444366666666667,2.4393330404481928,9.999999999999993,0.1676273931206984,0.025574735876423563,0.11842939050458423,0.13435726598803177,0.20206836104732007,0.19999999999996,0.19999999999996
6,1,12,0.1886018615970621,0.1768252188969581,20.25,3.6996621467371855,2.5000000000000004,0.07761354514685889,0.017020892894216474,0.10327032466640212,0.18300192895995585,0.15941073959594898,0.19999999999996,0.19999999999995996
6,2,12,,,21.416666666666668,4.030267429781249,2.4999999999999996,4.440892098500626e-16,1.665334536937735e-16,0.08624943177218582,0.20839155687998218,0.12192391002283536,0.33333333333322224,0.0
6,3,10,0.1507890166114354,0.29973435481334304,22.8,2.481934729198171,2.999999999999999,0.8684130777825377,0.0451430982397241,0.14435692072279208,0.0936874089935786,0.3774924944723407,0.19999999999996,0.19999999999996
6,4,9,0.16973748004325065,0.28256267665616314,25.0,3.1622776601683795,3.3333333333333326,0.9529517237746812,0.0302234376733308,0.12520882743174822,0.1359287637009535,0.3579409526925575,0.19999999999996,0.19999999999996
6,5,8,0.13638618941167488,0.22529552400952876,24.5,2.6457513110645907,3.750000000000001,1.1566012371189973,0.03827061198898539,0.12812504385623485,0.07088272660571368,0.23379460815561665,0.19999999999996,0.19999999999996
6,6,7,0.196782458413508,0.2436388634716757,25.714285714285715,2.762725657973388,4.285714285714283,1.3685303549819523,0.03429517908369674,0.1234023221521079,0.17590672535632498,0.30514313054880404,0.19999999999996,0.19999999999996
6,7,6,0.24379078963875744,0.21920603093108515,25.75,1.4361406616345072,4.999999999999997,1.773176975372486,0.039913747474814035,0.13367611014322447,0.2548600097797369,0.20440538215443924,0.19999999999996,0.19999999999996
6,8,5,0.17152509740255772,0.19618280171426458,26.7,1.2083045973594573,5.999999999999999,2.2557830399044048,0.039386589656579464,0.13408145074556743,0.12385046412688838,0.15121469755816241,0.19999999999996,0.19999999999996
6,9,4,0.26506516363579763,0.14944375669339327,27.5,0.9354143466934853,7.499999999999998,2.963460413548889,0.03812081570313948,0.1346686726576679,0.28672310292609143,0.11524664450350312,0.19999999999996,0.19999999999996
6,10,3,0.23925120010254106,0.06614039495246601,28.166666666666668,1.649915822768611,9.999999999999995,0.3199595354830404,0.024156545438712734,0.10819433790375527,0.22386930077249173,0.222044945044589,0.19999999999996,0.19999999999995996
7,1,13,,,19.384615384615383,3.0455127530506387,2.307692307692307,0.0,1.8041124150158796e-16,0.08823183466261096,,,,
7,2,11,,,20.09090909090909,2.937362622073366,2.727272727272727,0.0,1.5265566588595902e-16,0.08823183466261093,0.20416552739474714,0.09634683989395848,0.33333333333322224,0.0
7,3,9,0.23050121621997874,0.15961481751334927,22.11111111111111,3.177855476905576,3.333333333333329,0.0838101651004497,0.01779704040703478,0.11899644914628316,0.23593028556226797,0.12815704063078567,0.19999999999996,0.19999999999996004
7,4,9,0.18328106060795013,0.2397362608646408,22.555555555555557,2.454524670486058,3.3333333333333317,0.9787789089716038,0.03197415958084103,0.13317356832008942,0.15352099354531318,0.2654991349103068,0.19999999999996,0.19999999999996
7,5,8,0.16282844234082414,0.20355164742284218,24.375,3.07967124868873,3.7499999999999982,1.161366392089102,0.04099334409395074,0.14329009873819318,0.048927636926028105,0.2523727887366892,0.19999999999996,0.19999999999996
7,6,7,0.2517042341036749,0.2238131627687317,22.857142857142858,3.7197761617975815,4.285714285714282,1.269932889495806,0.03242227613112602,0.14646793553556478,0.33340996271201423,0.2978001493098536,0.19999999999996,0.19999999999996
7,7,6,0.2468489657175544,0.25465827815395387,24.5,2.8722813232690143,4.999999999999999,1.8105540912269587,0.04928409095451447,0.15237139316911727,0.28275624369214647,0.29017929166137046,0.19999999999996,0.19999999999996
7,8,5,0.15402705253323487,0.2724975988978914,25.5,1.4832396974191326,6.000000000000002,2.2771534629193058,0.04083062453780469,0.1465954179859271,0.07856961597481475,0.2935149722903665,0.19999999999996,0.19999999999996
7,9,4,0.2120664718598508,0.24668937498484156,25.125,2.042516829796024,7.499999999999998,2.9712931287979987,0.03614678190625825,0.13553735622658294,0.3022502257059729,0.19585909088520007,0.19999999999996,0.19999999999995996
7,10,3,0.12932488784342827,0.1586650868085009,28.333333333333332,1.178511301977579,10.0,0.4136987116719755,0.026173027619201632,0.12564494251051989,0.10152483570532836,0.10472802706860401,0.19999999999996,0.19999999999996
8,1,13,0.19831398794297758,0.2207463967999465,18.692307692307693,3.2906537901857598,2.307692307692308,0.08342606874466515,0.0153812142282584,0.13608440802644337,0.19966677685447903,0.24361864936845037,0.19999999999996,0.19999999999996
8,2,13,0.18311135861178987,0.31479103292888133,20.384615384615383,3.6276388069389527,2.307692307692306,0.5869589552201936,0.044154301696471374,0.16485749549465634,0.14988647772526303,0.3860454531184321,0.19999999999996,0.19999999999996
8,3,12,0.14087406437314307,0.3339674187140578,21.166666666666668,5.320296566504123,2.4999999999999982,0.650206539071773,0.03863341733225866,0.16602803546511832,0.09180037056415846,0.43481697841189815,0.19999999999996,0.19999999999996
8,4,11,,,22.0,5.640760748177662,2.727272727272727,0.0,1.5265566588595902e-16,0.1264968818717632,0.2732136824204689,0.11513566339027459,0.3333333333332222,0.0
8,5,9,0.16977231312887417,0.41400415551324476,23.333333333333332,3.265986323710904,3.3333333333333335,1.0201524325776319,0.04658659806026108,0.16986518395148067,0.15019222236869267,0.5336287625815164,0.19999999999996,0.19999999999996004
8,6,8,0.1849441346906383,0.2549567129721393,23.25,4.085033659592048,3.7499999999999973,1.0918505064736204,0.0327371728412289,0.15474957604876488,0.1581950361162374,0.32021824984385294,0.19999999999996,0.19999999999996
8,7,7,0.28011825866158513,0.30968809186100826,26.0,2.5071326821120348,4.285714285714284,1.3581356743382265,0.035894890190888415,0.16205679330577488,0.33576952441614116,0.4093420795526869,0.19999999999996,0.19999999999996
8,8,6,0.27614457259819924,0.21615676796091635,26.0,1.6072751268321592,4.999999999999999,1.8241337324738869,0.046764074421194624,0.177976202263776,0.3297528170447131,0.2000361410251204,0.19999999999996,0.19999999999996
8,9,5,0.2062085027602634,0.1850649289723235,26.7,2.039607805437114,5.999999999999997,2.318593582288955,0.04223869160655584,0.17853487037809807,0.10525768219434678,0.18774559794284232,0.19999999999996,0.19999999999996
8,10,4,0.21492216634057593,0.11945620393287998,27.375,2.161452058223823,7.499999999999997,2.9475072553809625,0.029066077913659776,0.1769623088475057,0.2841716463731484,0.12246604704392967,0.19999999999996,0.19999999999996
8,11,3,0.47631532359332074,0.12287326511540986,29.166666666666668,0.6236095644623235,10.000000000000002,0.1997463628828472,0.02235453474495087,0.1638095577862365,0.35882403101969884,0.145252348926085,0.19999999999996,0.19999999999996
9,1,16,,,25.3749,5.158394857414464,1.875,0.0,0.0,0.1439840826430435,,,,
9,2,14,0.21497597004651417,0.2749122921518643,21.0,2.9760952365713798,2.142857142857142,0.5249564654581232,0.03961794092057833,0.18360202356362182,0.1872579332863934,0.368172225834495,0.19999999999996,0.19999999999996
9,3,13,,,19.846153846153847,3.7178602995675605,2.307692307692307,0.0,1.8041124150158796e-16,0.14933449153812262,0.30739150559273476,0.10757820552551571,0.33333333333322224,0.0
9,4,11,0.1920829679192743,0.3367350383633636,22.0,4.369314487526514,2.7272727272727253,0.717772618510319,0.0377175974260564,0.18922791319043206,0.14929692560371613,0.480242705094372,0.19999999999996,0.19999999999996
9,5,10,0.21602004656230875,0.2868121451388715,24.2,2.3579652245103193,2.999999999999998,0.8605063266943519,0.042558884588514236,0.19661805692598716,0.21803860251394272,0.3751191489008669,0.19999999999996,0.19999999999996002
9,6,9,,,28.88878888888889,4.817683732861315,3.333333333333333,0.0,1.249000902703301e-16,0.1593738249493316,0.08565769628522965,0.18915076569416517,0.3333333333332222,0.0
9,7,7,,,25.071428571428573,1.8979043222266316,4.285714285714284,0.0,0.0,0.15745538949643725,0.2778414443224487,0.21564295392057858,0.33333333333322224,0.0
9,8,5,0.27006131546260137,0.24841640449892408,26.2,1.6911534525287764,5.999999999999999,2.2546294099435666,0.03748274222469794,0.18229069689630498,0.33305422891321684,0.30172585785576417,0.19999999999996,0.19999999999995996
9,9,4,0.22642746368271288,0.1586782643173339,26.666575,1.5811441021851858,7.4999999999999964,2.9628009817364074,0.03584463455715553,0.16774625094353945,0.22185447299360178,0.14663947623269702,0.19999999999996,0.19999999999996
9,10,3,0.14925468382171145,0.3377983886194447,27.5184,1.6463069215671777,10.0,0.4737495381952615,0.026082910201501764,0.13939961144570184,0.12091879806469749,0.4531894117429782,0.19999999999996,0.19999999999996
10,1,11,0.18931488502169752,0.24133303320856264,19.0,3.2192602199319587,2.7272727272727253,0.07380698269020837,0.01520543581096062,0.13491233778162923,0.19929176649997912,0.28360622065540825,0.19999999999996,0.19999999999996
10,2,11,0.22569713778283662,0.31799633727917587,20.0,4.264014327112209,2.727272727272726,0.8049043813829072,0.06261548989519798,0.1823223918658666,0.23882029732092985,0.3898466321873169,0.19999999999996002,0.19999999999996002
10,3,10,0.2282345806275708,0.2730395522564514,20.3,3.606937759374287,2.9999999999999987,0.7889787010502154,0.02995609965029683,0.15419046254238444,0.23879618074732292,0.3151743323266677,0.19999999999996,0.19999999999996
10,4,9,0.1386778171242868,0.31552645127875667,20.61111111111111,3.4542870126021805,3.3333333333333313,0.9722742383461956,0.03481048878498919,0.1643016612291891,0.08063340905796372,0.3815890782880886,0.19999999999996,0.19999999999996004
10,5,8,0.26079742980576137,0.2628840424745289,21.625,4.414110895752394,3.749999999999998,1.120865874992899,0.03394932125195824,0.16340889647625495,0.2095305659850558,0.34947558683231245,0.19999999999996,0.19999999999996
10,6,7,0.16140249169340468,0.24426156390258583,29.857042857142854,3.8332780245995135,4.285714285714285,1.3668388342808189,0.037282158221501716,0.1801550442152697,0.1611559011898208,0.2734084478627102,0.19999999999996,0.19999999999996
10,7,6,0.16863667886657496,0.19984271634103284,25.916666666666668,0.8858454843945541,4.999999999999999,1.8080250544586773,0.04440928114804082,0.19350919828444949,0.12279194620715507,0.1710892106607401,0.19999999999996,0.19999999999996
10,8,5,0.1472528654852916,0.21671572980491366,25.3,2.9257477676655586,5.999999999999998,2.196337637843396,0.038948611111247686,0.1838985988611288,0.10123362354833208,0.20665579551996272,0.19999999999996,0.19999999999996
10,9,4,0.2471445724399866,0.19395206206623497,28.25,1.4361406616345072,7.5,2.9267770765333085,0.033955738515819456,0.1790067857456374,0.18053056945294357,0.14671904453798168,0.19999999999996,0.19999999999996
10,10,3,0.34914072147750247,0.15067015547806129,27.555399999999995,0.8654859020611876,9.999999999999998,0.10498636516587032,0.023632103806089266,0.14472033522889324,0.09025196131691605,0.2196151832784537,0.19999999999996,0.19999999999996
11,1,12,,,18.916666666666668,3.2264101137676566,2.4999999999999987,0.6436911638096132,0.0395561709677295,0.21508013058989758,,,,
11,2,11,0.17994837794986493,0.2873698591989118,20.09090909090909,3.1465578727048693,2.7272727272727275,0.6751073359919503,0.028526797582924368,0.20329559517907525,0.17311725916664128,0.38692142711223776,0.19999999999996,0.19999999999996
11,3,10,0.13573655522060044,0.28897658909294743,22.1,2.5079872407968904,2.999999999999999,0.8399173239864959,0.03798965923193632,0.2100322856966581,0.07272992932942443,0.3883473370544228,0.19999999999996,0.19999999999996
11,4,9,0.19854665082812709,0.26262424720418964,19.88888888888889,4.1685181071786825,3.3333333333333313,0.941365781791808,0.03398717406306563,0.21382505439923444,0.17823859565288078,0.3218462533336852,0.19999999999996,0.19999999999996
11,5,8,0.2033761839614245,0.2358181579675581,22.75,2.7271780286589284,3.749999999999999,1.1602807888603275,0.04376857552590849,0.2255355545336279,0.1362690404392284,0.30065942678208657,0.19999999999996,0.19999999999996
11,6,7,0.3003010899759682,0.26015422178307657,29.57132857142857,3.9227192782974574,4.285714285714284,1.4405336026201034,0.05233536677835643,0.24936014079519928,0.3800042112049722,0.30379204735729404,0.19999999999996,0.19999999999996
11,7,6,0.2108853240950935,0.24712320928866183,34.75,1.4648663192705789,4.999999999999999,1.748261766277036,0.04083125905705511,0.24078613110204095,0.19683628377151147,0.2927577094026369,0.19999999999996,0.19999999999996
11,8,5,0.10894182345888061,0.23566017442562878,26.5,2.258317958127243,5.999999999999998,2.221553432701664,0.035517528431652644,0.23256815370658118,0.030062926001782134,0.2628630054883052,0.19999999999996,0.19999999999996
11,9,4,0.33860748158051723,0.19085651104977555,28.5,1.2747548783981961,7.500000000000002,2.9215328165334897,0.04148468855191687,0.22959783551679303,0.43957883931621156,0.15866379082752818,0.19999999999996,0.19999999999996
11,10,3,0.18564844866989033,0.1886672685212505,27.6666,1.7847419159829983,9.999999999999998,0.4827281575816141,0.0299523047146474,0.2143183179119764,0.16366988312565822,0.13149552973340323,0.19999999999996,0.19999999999996
12,1,11,0.20999609771137778,0.15827059752265124,18.818181818181817,3.242282636386729,2.7272727272727257,0.0952603505538733,0.016647862900813507,0.16461027389019678,0.2330832529413662,0.12615413775202172,0.19999999999995996,0.19999999999996
12,2,11,0.14863245400055963,0.3157266937310727,19.636363636363637,2.384523099746182,2.727272727272726,0.7580474161847529,0.04224389642260487,0.19020630741198816,0.0889761801613777,0.43260649140959073,0.19999999999996,0.19999999999996
12,3,10,0.17803197509786864,0.2373201151864369,21.4,2.7640549922170505,2.9999999999999973,0.812829877295443,0.03344607682603283,0.1773485480827132,0.17018774858968463,0.27754651256375035,0.19999999999996,0.19999999999996
12,4,9,0.22994046454756045,0.24124292475240572,22.88888888888889,2.282515398241571,3.333333333333332,1.0052164964659365,0.04419245218723474,0.19301506349911182,0.23719289304264038,0.26657173069925605,0.19999999999996,0.19999999999996
12,5,8,0.11557229711197818,0.2855049782969997,24.25,2.0463381929681126,3.7499999999999982,1.1694246744778336,0.04191917313109192,0.1956009254382281,0.019012019571362525,0.370187218789492,0.19999999999996,0.19999999999995996
12,6,7,0.15359299355730843,0.22359088134095767,25.714285714285715,2.0503857277724746,4.285714285714286,1.3745685271780446,0.040204901560210615,0.19485411241473088,0.12930841884525007,0.2503659659522929,0.19999999999996,0.19999999999996
12,7,6,0.14960060344266662,0.29165869386001175,31.416666666666668,1.3043729868748775,4.999999999999999,1.7789565328164902,0.03993673136022915,0.20291237495244294,0.05904031500611148,0.3880666489263645,0.19999999999996,0.19999999999996
12,8,5,0.2940046041406436,0.22130070663520096,26.0,1.5811388300841898,5.999999999999997,2.190258360484842,0.0422916067084856,0.19711042529582076,0.34332758679236614,0.20370121089998255,0.19999999999996,0.19999999999996004
12,9,4,0.17803201484553083,0.23085498110705768,29.375,4.628377145393404,7.499999999999999,2.9326880811056064,0.0354694532028876,0.1898656498634988,0.22705935119051127,0.15909004952103173,0.19999999999996,0.19999999999996
12,10,3,0.18373065083961776,0.318974534958282,29.111033333333335,0.7856899148024152,9.999999999999998,0.17499088893729225,0.0229490555149373,0.17875175478960684,0.13644029408781727,0.3489278295991596,0.19999999999996,0.19999999999996
13,1,12,,,18.083333333333332,2.5967394084804805,2.4999999999999987,0.6475822588089848,0.03590388916600412,0.167564906209494,,,,
13,2,11,0.15350158557128757,0.2915399541151969,20.272727272727273,1.8630819574471997,2.727272727272725,0.784438361846394,0.06356386558180858,0.19491721564688255,0.08150290972649014,0.3476228817746287,0.19999999999995996,0.19999999999996
13,3,10,0.197314217429248,0.26579811566376305,23.7,2.4919871588754225,2.999999999999999,0.8856102986643977,0.05052784971961877,0.17144630875164862,0.19973414154718025,0.2783754497744774,0.19999999999996,0.19999999999996
13,4,9,0.19417077667640806,0.2913296464406488,23.22222222222222,2.7397395568751004,3.333333333333333,0.9783591635447401,0.042537000174670214,0.16398514365424052,0.16212057250641349,0.3401294720916022,0.19999999999996004,0.19999999999996
13,5,8,0.1740219466110826,0.24926190238045376,23.5,2.598076211353316,3.75,1.148406796019881,0.034803083497621214,0.1582073774518733,0.15301806508672064,0.2897131268663711,0.19999999999996,0.19999999999996
13,6,7,0.1961198158991127,0.2268009364074534,23.714285714285715,3.6922422809485957,4.2857142857142865,1.349368117645602,0.037748950595376585,0.16182975718636078,0.19240336239181471,0.2743069750987684,0.19999999999996,0.19999999999996
13,7,6,0.18276680281252833,0.2927125464516244,24.416666666666668,1.4553540997144152,5.0,1.7801067802224513,0.04431927056370644,0.1728426199115681,0.17553893000927706,0.3223251607677569,0.19999999999995996,0.19999999999996
13,8,5,0.3432453175026156,0.182197582249205,25.9,2.537715508089904,5.999999999999997,2.16431492086227,0.03794817289622754,0.1662242705555983,0.47697267570642865,0.17612596327254473,0.19999999999996004,0.19999999999996
13,9,4,0.1065064223861111,0.19293734216224312,29.624874999999996,3.6120501459524332,7.499999999999998,2.792209650491546,0.03862915577829053,0.17181236912374723,0.10464366170859278,0.2022552917199125,0.19999999999996,0.19999999999996
13,10,3,0.25463377684369215,0.20629681507032788,28.16653333333333,0.13606915725305163,9.999999999999991,0.29914111732601806,0.02338503974431493,0.16583662232505655,0.2760915528688942,0.261456191274321,0.19999999999996,0.19999999999996
14,1,12,0.19933009553455633,0.18581793959094453,22.5,2.0615528128088303,2.499999999999999,0.07569565628508879,0.01581428979354651,0.12755063081418885,0.20910481668114783,0.17756894033330614,0.19999999999996004,0.19999999999995996
14,2,12,0.1601034872369922,0.3061485428729013,22.416666666666668,2.7826346428439996,2.499999999999998,0.6329287252891475,0.03420605185253093,0.14594239287317326,0.1094107280513941,0.4134555126286371,0.19999999999996,0.19999999999995996
14,3,11,0.16145069287102862,0.3284123875290092,25.454545454545453,1.724878723728207,2.7272727272727266,0.7581515295235185,0.047576457998368765,0.15904646961027522,0.11185167627988828,0.4163102665439972,0.19999999999995996,0.19999999999996
14,4,10,0.17538398824195342,0.3208956699543166,23.3,2.238302928559939,2.999999999999999,0.8577439858067736,0.04134327239974811,0.15722120326849837,0.11561993596783116,0.4417869083079814,0.19999999999996,0.19999999999996
14,5,9,0.16364317808687598,0.322742796311656,24.88888888888889,3.381138678822875,3.3333333333333317,0.9559643558002553,0.03184416552575508,0.15445185067070694,0.122509121380992,0.45079514681298294,0.19999999999996,0.19999999999996
14,6,8,0.11048227819238175,0.28392379280366087,32.24991249999999,4.763120695100403,3.749999999999999,1.1310869427691523,0.03410962915813329,0.15993086761365288,0.0848353960145838,0.2873858510026292,0.19999999999996,0.19999999999996
14,7,7,0.23798631745925347,0.2016159811301347,26.214285714285715,1.410601261295107,4.285714285714286,1.4354083540058387,0.04334741147774036,0.17352221843768287,0.23346755408477574,0.23348483846565454,0.19999999999996,0.19999999999996
14,8,6,,,27.25,0.9895285072531598,4.999999999999999,8.881784197001252e-16,1.665334536937735e-16,0.11886317265259017,0.24481294187555397,0.1449089533071619,0.33333333333322224,0.0
14,9,4,0.15570686050004268,0.19339179160269224,28.75,0.5590169943749475,7.499999999999998,3.067931989963804,0.03381102748409087,0.16056438228400666,0.1663561196081029,0.19847174934386974,0.19999999999996,0.19999999999996
14,10,3,0.09398171177750951,0.21191466775558954,29.777733333333334,0.15716626723172877,10.0,0.1442697893960345,0.022078463036534834,0.15747972333728094,0.08567346207050192,0.2875221798709463,0.19999999999996,0.19999999999996
15,1,13,0.1808527870069325,0.2765587897634193,21.26923076923077,1.9176847480489092,2.307692307692306,0.5713799041594122,0.03695461380779152,0.18416679158561677,0.17026720116600433,0.3342115004400579,0.19999999999996,0.19999999999996
15,2,12,0.20703709935530848,0.29173307257002706,23.0,2.091650066335189,2.499999999999998,0.7031211387612116,0.05135044617698167,0.19667617509720514,0.21031634265781585,0.344207085234126,0.19999999999996002,0.19999999999996
15,3,11,,,25.272727272727273,1.303206471530132,2.727272727272727,0.0,1.5265566588595902e-16,0.14805799336890568,0.24740563931670803,0.0898578441293505,0.33333333333322224,0.0
15,4,9,0.19234206577042787,0.2432120479343817,35.72222222222222,3.010270485365348,3.333333333333332,0.9818030268063939,0.03986643747989643,0.19844665634324996,0.16298388077740777,0.29397817817137295,0.19999999999996,0.19999999999996
15,5,8,0.1517350001027485,0.22430285465768765,27.78125,1.0928567781278569,3.7499999999999996,0.05036336086283588,0.020017609757090826,0.16937803736923593,0.12635564476886216,0.22508975409567628,0.19999999999996,0.19999999999996
15,6,8,0.13259118725442495,0.22884159165997636,28.25,1.299038105676658,3.7499999999999982,1.1939454241364074,0.04965841577011484,0.19901884338225995,0.07017652538124412,0.2689802032916874,0.19999999999996,0.19999999999996
15,7,7,0.17147609877622283,0.18815132934265746,34.571328571428566,3.385131053683483,4.285714285714285,0.14655175729729097,0.01698090831203444,0.17041639587418403,0.16092429298609617,0.2007274331360173,0.19999999999996,0.19999999999996
15,8,7,,,28.4682,1.3749443022485361,4.285714285714284,0.0,0.0,0.15343548756214956,0.18859446082256362,0.08185346690229542,0.3333333333332222,0.0
15,9,5,,,28.199940000000005,0.9816903047295523,6.0,0.0,1.3877787807814454e-16,0.16267567425774865,0.08907758251225764,0.12676170190149033,0.3333333333332222,0.0
15,10,3,0.44626014391437485,0.2420981789206627,29.129433333333335,0.15926701548726818,9.999999999999998,0.33930182186278857,0.023876203470115136,0.20386838719198339,0.3688471526578161,0.3734281367732965,0.19999999999996,0.19999999999996
16,1,12,0.1968033079510291,0.25808235965424625,19.083333333333332,2.8124228384477012,2.5000000000000004,0.07867908303571153,0.017566188135411123,0.13528524432317438,0.20743966331722757,0.3254100158280832,0.19999999999996,0.19999999999996004
16,2,12,0.1736192697729664,0.2671103196585205,20.333333333333332,3.519785346990479,2.4999999999999996,0.6284962390743263,0.036557737142880506,0.15427679333064373,0.1296468102049978,0.35804051711507634,0.19999999999996,0.19999999999996
16,3,11,0.1864367672859337,0.27855778257966285,21.363599999999998,3.599769506762646,2.727272727272725,0.7099910232875424,0.03720669549749083,0.14420000584818565,0.1821286793422705,0.35126122256404074,0.19999999999996,0.19999999999995996
16,4,10,0.1501447609711496,0.2732116601952803,22.4,3.1368774282716245,2.999999999999999,0.827512963871588,0.03972973158209216,0.1472338388056866,0.08921826907288669,0.3455056310451813,0.19999999999996,0.19999999999996
16,5,9,0.15890961611272544,0.2390011498734765,23.22222222222222,3.705184889007348,3.3333333333333326,0.9587237129212443,0.03648083725906781,0.14704095639639495,0.08308610586733539,0.3104347366597636,0.19999999999996,0.19999999999996
16,6,8,0.18135737367605914,0.3175272790298113,23.5625,2.242173889331512,3.7499999999999982,1.1486090543373082,0.04102978020548764,0.14066341314287978,0.16032496527769516,0.42440318428633617,0.19999999999996,0.19999999999996
16,7,7,0.17728274780535241,0.25261454271333106,26.285714285714285,4.589250972631146,4.285714285714285,1.2708695001219672,0.03294968989012876,0.13181240512624798,0.19770353698592447,0.28891291985774054,0.19999999999996,0.19999999999996
16,8,6,0.2079509635775283,0.22893873958844665,25.916666666666668,2.714416245817055,4.999999999999999,1.6997829229105985,0.03694473029889708,0.13572802816105106,0.22374448248339052,0.2852015514816843,0.19999999999996,0.19999999999996
16,9,5,0.11817092730179678,0.24067102321625636,28.2,1.5362291495737217,5.999999999999998,2.1798412874329887,0.04523214588775494,0.14584421287286187,0.11094518902013965,0.20863104356192655,0.19999999999996,0.19999999999996
16,10,4,0.23816219217153847,0.273013166770013,29.249975,0.8291938867810122,7.500000000000002,0.21082735498591584,0.0244714925429282,0.12699601998169868,0.18483078270946582,0.34762820502830466,0.19999999999996,0.19999999999996
17,1,12,0.21051453634710926,0.24305408683717894,21.333333333333332,3.3747427885527643,2.4999999999999987,0.10033438624340477,0.01651554346164964,0.13160330825833408,0.25156432030622905,0.296089571138208,0.19999999999996,0.19999999999996
17,2,12,0.1506937479854899,0.3316943617617384,22.166666666666668,2.9107081994288295,2.499999999999999,0.6454188935176682,0.039091048012111475,0.1541788128087959,0.07625101855931725,0.4350327919028806,0.19999999999996004,0.19999999999996
17,3,11,0.2091354674516877,0.29910277821531406,23.181818181818183,3.613564893518507,2.727272727272726,0.7033373786311824,0.031558783007039445,0.15343578989595993,0.18120236222542416,0.3835832955402932,0.19999999999996,0.19999999999996
17,4,10,0.2174556474389304,0.2448888021424475,23.7,2.8301943396169813,2.999999999999999,0.8156666534765,0.03173048570627413,0.15604503223098906,0.20985985522736264,0.3135543034620353,0.19999999999996,0.19999999999996
17,5,9,0.19133132755723092,0.21976724702304679,26.11111111111111,1.852592444503674,3.333333333333332,1.0416780576234836,0.05456469395132382,0.1801894693723817,0.16186244784141374,0.2567282544660601,0.19999999999996,0.19999999999996
17,6,8,0.1521433377459831,0.2062632632711546,28.874899999999997,2.666350503028437,3.7500000000000004,0.07987640794890354,0.017456705767673462,0.14760423822886462,0.0836434506611771,0.2101761553404128,0.19999999999996,0.19999999999996
17,7,8,0.12233929283091026,0.26383079829150863,27.6875,1.4776988021921111,3.7499999999999987,1.1916562077661172,0.04446233438717789,0.17460986684836904,0.06343503306379998,0.23433867610128523,0.19999999999996,0.19999999999996004
17,8,7,0.16733824801676941,0.24216376116340935,27.428571428571427,2.1285234893930487,4.285714285714286,1.413049114750388,0.045288676462501586,0.17563840461299016,0.1370992725654319,0.2524901873886773,0.19999999999996,0.19999999999996
17,9,6,0.21212558124352174,0.20006112021276976,26.25,2.577951383043003,4.999999999999999,1.8227384530630915,0.0479854697117701,0.1776972328377376,0.20123516776981112,0.2278737785824931,0.19999999999996,0.19999999999996
17,10,5,0.158903718849831,0.21820450059307694,35.0,3.40587727318528,6.0,2.1250912155293364,0.03518461331969704,0.17273595406912473,0.13819827036934612,0.19346412436953583,0.19999999999996,0.19999999999996
17,11,4,0.15697619117602682,0.09735727210897678,28.62485,2.154986144387013,7.500000000000003,0.2266318805537804,0.021939833076562974,0.16087515076423373,0.15503988477846373,0.003747936739352243,0.19999999999996,0.19999999999996
18,1,12,,,21.833333333333332,3.131382371342656,2.4999999999999987,0.6513855195900022,0.037314787477311075,0.19201863013874815,,,,
18,2,11,,,22.181818181818183,2.8225772175018227,2.727272727272727,0.0,1.5265566588595902e-16,0.15436191873626434,0.2372346428581956,0.10556711034859141,0.33333333333322224,0.0
18,3,9,0.1727481315004547,0.1928845415668593,34.55555555555556,2.753224820747526,3.333333333333335,0.06062640110642472,0.017984001920573686,0.20281601218529474,0.1533746669586345,0.2001134336782707,0.19999999999996,0.19999999999996
18,4,9,0.24054556822759016,0.2075557694725947,33.0,2.8284271247461903,3.3333333333333326,0.1174322399961149,0.018697904273582797,0.20352991453830382,0.2979163220376511,0.2250066886725666,0.19999999999996,0.19999999999996
18,5,9,0.24005432946865826,0.26377400358902664,35.77777777777778,3.2584173996922625,3.3333333333333317,0.9761677683138276,0.04420957762228547,0.2290415878870065,0.24006800536455514,0.29830873528832663,0.19999999999995996,0.19999999999996
18,6,8,0.17676398767501528,0.24261293368374853,35.25,2.680951323690902,3.7499999999999982,1.1441083597321904,0.04205091889937727,0.22229745491292352,0.15643393499061475,0.28497877291965523,0.19999999999996,0.19999999999996
18,7,7,0.17933519768207545,0.19188483394209224,36.142857142857146,1.7871422861709718,4.285714285714284,1.3784794685141368,0.03982564374440219,0.2181864930517893,0.150670100055473,0.2169563435878233,0.19999999999996,0.19999999999996
18,8,6,0.14917807556884582,0.2712595516027905,37.666666666666664,1.7950549357115015,4.999999999999999,1.7461784748711973,0.03881975481932263,0.21280147682042486,0.08492515241960005,0.2628466234863827,0.19999999999995996,0.19999999999996
18,9,5,0.3696065715860467,0.20506905872631384,38.2,1.3266499161421599,5.999999999999997,2.218630145377611,0.0379970056206146,0.21062960991166496,0.29634934619205267,0.1953686078349399,0.19999999999996,0.19999999999996
18,10,4,0.2833463408502198,0.15466703265951917,28.666600000000003,1.5812126169494096,7.499999999999998,0.0397968723116243,0.025855062897836175,0.20487798062340196,0.23051670576692607,0.25491912682882323,0.19999999999996,0.19999999999995996
19,1,13,,,28.615384615384617,4.481388204193695,2.307692307692306,0.5675524276497244,0.03299798455958579,0.12707641940821746,,,,
19,2,12,0.1697842309584358,0.2670180369902075,30.166666666666668,2.9953667926019047,2.4999999999999987,0.6484550587423852,0.043841258089397935,0.138190389625557,0.12069653238829474,0.3482154053405757,0.19999999999996,0.19999999999996
19,3,11,0.2270597418003482,0.27877980268704583,32.09090909090909,4.294913385824624,2.7272727272727266,0.7248639703143428,0.034151087210495874,0.13482188849974575,0.24009343491976998,0.34614152547594185,0.19999999999996,0.19999999999995996
19,4,10,0.15405555441464241,0.297151946177668,32.0,5.495452665613635,2.9999999999999973,0.852628760777505,0.04580985382957311,0.14766557708860595,0.07600476376528077,0.40631414744875227,0.19999999999996,0.19999999999996
19,5,9,0.1414511927008984,0.18374479344500888,29.333333333333332,5.436502143433364,3.333333333333332,0.131866094088777,0.017100860767628425,0.1119975807680604,0.09927579710270672,0.19655015907675455,0.19999999999996,0.19999999999996
19,6,9,0.1956407191137099,0.2875609785653662,32.55555555555556,3.467663674294941,3.333333333333332,1.0105170361095233,0.04630932854080819,0.14120604854124016,0.15946293156049413,0.3591009550087421,0.19999999999996,0.19999999999996
19,7,8,0.17246435382392303,0.23768632756212563,32.3125,2.9993488876754566,3.7499999999999982,1.1376220718387995,0.040956118115239304,0.13147743969273812,0.08491196086238702,0.30502421839502275,0.19999999999996,0.19999999999996
19,8,7,0.12044383508828432,0.21933571979101082,35.42857142857143,6.298687910013887,4.285714285714284,1.2893840020151601,0.03224362094721377,0.12643128294521627,0.06038106530984376,0.24617747833917095,0.19999999999996002,0.19999999999996
19,9,6,0.23016033239466022,0.21998757791689258,35.666666666666664,3.423773097362356,4.999999999999999,1.8059253946627822,0.04479478044466023,0.13472793893455523,0.22530426336524753,0.24927638877242983,0.19999999999996,0.19999999999996
19,10,5,0.23771016388070737,0.2135329504566983,36.5,2.8284271247461903,5.999999999999998,2.1145931466548893,0.0331945858366461,0.12652513309908597,0.2900223085413221,0.24392265256165402,0.19999999999996,0.19999999999996
19,11,4,0.2891963032553816,0.11000471908431214,39.08325000000001,0.7216820681574404,7.5,0.07414072009713592,0.02109901351246015,0.11307704812712555,0.25466420687400615,0.04265423572567082,0.19999999999995996,0.19999999999996
20,1,12,0.21290024424291365,0.18821738331983498,26.5,3.068658773253661,2.499999999999996,0.07865579341587368,0.016295620237507826,0.13798352120851964,0.23185622985000418,0.20223292606803242,0.19999999999996,0.19999999999996
20,2,12,0.18843364393407316,0.2518807904870625,28.916666666666668,3.377828033251874,2.4999999999999987,0.7492677722097,0.06859651844000704,0.19028441941101884,0.1377515637754026,0.3315743438299117,0.19999999999996002,0.19999999999996
20,3,11,0.16252408388184245,0.2987502908509638,28.454545454545453,4.397595135435572,2.7272727272727257,0.7157993924232192,0.03293591356517855,0.14385458072848156,0.11094104463951111,0.404838563234446,0.19999999999996004,0.19999999999996
20,4,10,0.1708532025583072,0.3039709007569012,32.5,3.5846896657869842,2.999999999999999,0.8603338758184981,0.04251829049404784,0.1546313911875733,0.11217848765208849,0.4060846458808451,0.19999999999996,0.19999999999996
20,5,9,0.154056315622825,0.3363933812732831,31.444444444444443,5.459163776239221,3.3333333333333317,0.981269076664063,0.042076923607365715,0.15602156677518575,0.06372331261921853,0.4694791584065927,0.19999999999996,0.19999999999996
20,6,8,0.229849166447587,0.3646716317125918,35.375,1.4523687548277813,3.749999999999999,1.1449997940081382,0.04252301229286323,0.16304670753336087,0.23700873229206915,0.5083238077776105,0.19999999999996,0.19999999999996004
20,7,7,0.25336515437766605,0.2501294885083551,36.285714285714285,3.5742845723419436,4.285714285714286,1.4091328667962595,0.05566430281109217,0.1720742631068352,0.19538433625569007,0.3219141899268989,0.19999999999996,0.19999999999996
20,8,6,,,35.25,3.8051500189436247,4.999999999999999,8.881784197001252e-16,1.665334536937735e-16,0.11164520574663057,0.03002102194337812,0.24816561713228416,0.33333333333322224,0.0
20,9,4,0.12282353097962508,0.2475335908758575,39.25,0.82915619758885,7.499999999999998,2.932181560415962,0.035083121167682654,0.13745066486279003,0.1111592861053609,0.13341160000287622,0.19999999999996,0.19999999999996
20,10,3,0.0742117039064446,0.10290659008313101,38.666666666666664,1.8856180831641267,10.000000000000002,0.28615885239636235,0.02524022093094923,0.1306849365839737,0.16952723998600833,0.19112900076980335,0.19999999999996,0.19999999999996
21,1,13,0.124302959599433,0.20314015989492082,19.23076923076923,4.299442649994498,2.3076923076923053,0.0769083002988885,0.015840263667822877,0.2047985759370132,0.06574451306510491,0.21870333180964466,0.19999999999996,0.19999999999996
21,2,13,,,20.807692307692307,2.905819502696016,2.307692307692307,0.0,1.8041124150158796e-16,0.1889583122691905,0.10801536564743545,0.12104722468221496,0.3333333333332222,0.0
21,3,10,0.20144272839406083,0.1636811420607374,30.5,4.674398357008098,2.999999999999998,0.10991478228231413,0.01720395284677415,0.20783389021539622,0.21665122022502944,0.1468559597051798,0.19999999999996,0.19999999999996
21,4,10,0.16628312548385102,0.25915596013740777,23.6,3.903844259188627,2.9999999999999987,0.7796236805901532,0.028746156171900395,0.2193760935405225,0.13576152959411322,0.31749964687716425,0.19999999999996,0.19999999999996
21,5,9,0.12555174168313865,0.20265686091518956,33.44444444444444,4.740162001711454,3.3333333333333313,0.1613421001820336,0.01763734314294351,0.20109244272467597,0.07762702284964484,0.21435231295438775,0.19999999999996,0.19999999999996
21,6,9,0.11561495566341472,0.2766544937143266,34.77777777777778,5.573304979548645,3.3333333333333317,0.9092121209806155,0.033124435317303164,0.21657953489903567,0.052274264832404965,0.3509195632029715,0.19999999999996,0.19999999999996
21,7,8,0.17358294451201664,0.2550473947913717,27.625,0.739509972887452,3.749999999999999,1.1775074445105624,0.05022764013487151,0.2314835123670091,0.12791485120383855,0.3027539391431871,0.19999999999996,0.19999999999996
21,8,7,0.229623913398579,0.19198502482660415,27.7142,2.7105568389434036,4.285714285714285,1.3974853864046155,0.03665663063285992,0.22238349750931816,0.20032960427611646,0.19235773372108395,0.19999999999996,0.19999999999996
21,9,6,,,27.416666666666668,2.06995705806237,4.999999999999999,8.881784197001252e-16,1.665334536937735e-16,0.17532638408232923,0.196716098399924,0.09047380211709044,0.33333333333322224,0.0
21,10,4,0.17981572004023466,0.11349029007383922,29.625,1.948557158514987,7.4999999999999964,0.2255150388778913,0.022867562825986128,0.183885616031986,0.06559485986032751,0.05606371834649142,0.19999999999996,0.19999999999996
21,11,4,0.15213687203250228,0.2413385513089672,29.499975,0.8660687050546293,7.500000000000003,0.19456915927512625,0.024537112956612147,0.18555516616261203,0.1389055691141819,0.16664006010762392,0.19999999999996,0.19999999999996
22,1,12,0.17053225564016541,0.15156745724209383,19.75,3.1655699855370965,2.499999999999999,0.08208590921425309,0.01756366045168096,0.17449391602928574,0.15411320235923,0.12133171614610422,0.19999999999996,0.19999999999996
22,2,12,0.20830514859199617,0.2610306733783106,19.666666666666668,3.0092450142112983,2.4999999999999982,0.6128562547790973,0.033498644791343464,0.19042890036894822,0.22772292403758135,0.3297926778717181,0.19999999999995996,0.19999999999996
22,3,11,0.18797755760206203,0.2599143054901584,21.545454545454547,1.970862126243527,2.7272727272727253,0.7367945793270828,0.04033134964235185,0.211527992090648,0.10401660762136715,0.35407460839149335,0.19999999999996,0.19999999999995996
22,4,10,0.18352389591031204,0.3058443924745256,31.9,3.986226285598949,2.999999999999999,0.8486503508114729,0.04383357784213324,0.2227976892394307,0.1647121041597616,0.4005767514338087,0.19999999999996,0.19999999999995996
22,5,9,0.20767295260154173,0.12310546336792079,30.666666666666668,3.3333333333333335,3.333333333333335,0.09798617895703918,0.016810386547070566,0.1974033720396901,0.22129325213164205,0.061692938646850215,0.19999999999996,0.19999999999996
22,6,9,0.19866209663443177,0.2842603314726214,25.22222222222222,2.298684540619689,3.3333333333333326,0.9630851156823439,0.037535977132211476,0.21812896262483103,0.21680634048014194,0.36607516557467407,0.19999999999996,0.19999999999996
22,7,8,,,26.75,0.9013878188659973,3.75,0.0,0.0,0.17758191665761447,0.035168371983330546,0.15709066213323128,0.33333333333322224,0.0
22,8,6,0.21629306875672208,0.2979843152745646,28.166666666666668,1.7716909687891083,4.999999999999999,1.7939648943862412,0.05373439688538103,0.22725279470048085,0.19604896103418137,0.29593086101926536,0.19999999999996,0.19999999999996
22,9,5,,,28.7,0.9273618495495705,6.0,0.0,1.3877787807814454e-16,0.17015459965302487,0.24766650440404547,0.2231827663744742,0.3333333333332222,0.0
22,10,3,0.4086654223528353,0.1698664125714749,28.999866666666666,0.5443582725456562,9.999999999999993,0.11541076007913102,0.025081003795778403,0.1970365647716096,0.5174929837594654,0.1447941806605038,0.19999999999996,0.19999999999996
23,1,13,0.23060009030976616,0.1406661298264289,25.384615384615383,3.101822331331685,2.3076923076923057,0.07925338221448082,0.015727452606702278,0.14709236715540563,0.2812079032379818,0.10185192832063403,0.19999999999996,0.19999999999996
23,2,13,0.15197899947558727,0.34850949076562693,27.076923076923077,2.9472683170258485,2.307692307692307,0.5870344135268424,0.041639023728568675,0.17300393827727206,0.11295534206730722,0.4404746673522744,0.19999999999996,0.19999999999996
23,3,12,0.15254654898634126,0.33935580352784334,27.083333333333332,2.8999521068842196,2.4999999999999987,0.649237766897061,0.035683921988884724,0.17287195056746882,0.08735516048785567,0.4524617221923842,0.19999999999996,0.19999999999996
23,4,11,,,23.727272727272727,3.0775110690565013,2.727272727272727,0.0,1.5265566588595902e-16,0.1432504707641117,0.3006042407559205,0.08687394680321037,0.3333333333332222,0.0
23,5,9,0.15205407402694934,0.1634505401510793,25.555555555555557,1.7069212773041353,3.333333333333332,0.045217184378727376,0.018278314244617542,0.16408012398582447,0.10548734575740717,0.1115249929624451,0.19999999999996,0.19999999999996
23,6,9,0.14223289049667467,0.21941621661611704,33.888888888888886,4.039924213932855,3.3333333333333317,0.9459683723703983,0.03832463179923986,0.18412644154044677,0.07262881619281875,0.2827383351491154,0.19999999999995996,0.19999999999996004
23,7,8,0.24906519067957503,0.26584418076311955,34.4375,1.7036266463048764,3.7499999999999987,1.1476718479386159,0.04357693395289069,0.19953979887772305,0.3004251286740776,0.3143071953675207,0.19999999999996,0.19999999999996004
23,8,7,0.19465537711317593,0.2924436275885063,28.714257142857143,4.1990825048394775,4.2857142857142865,1.3845149468326796,0.043695807347949166,0.2005677120790262,0.12111481229129636,0.36520712718020204,0.19999999999996,0.19999999999996
23,9,6,0.1857095516516103,0.2769144183855577,37.833333333333336,1.6749792701868151,5.0,1.7273466375818929,0.04199815509941232,0.20152498289303034,0.17582367233341947,0.3386736023404551,0.19999999999996,0.19999999999996
23,10,5,0.20287622526827875,0.41225998079942033,29.3,0.7483314773547883,5.999999999999998,2.283130266539967,0.038357929541692606,0.19520909123121286,0.26054428817683717,0.34868835370062545,0.19999999999996,0.19999999999996
23,11,4,0.25654010453346754,0.16596770209116507,38.041525,1.51088389589505,7.499999999999998,0.3046872457506961,0.022705900738094628,0.18109982447456208,0.32428291621191974,0.10833685512746924,0.19999999999996,0.19999999999996
24,1,12,0.1611789125840577,0.13780154580793563,25.166666666666668,4.393808775488023,2.5,0.10932363911157557,0.01653693667169508,0.13694352822223874,0.14403304192148297,0.09875273637287928,0.19999999999995996,0.19999999999996
24,2,12,0.16559229992397723,0.273859029552274,27.333333333333332,3.197221015541813,2.4999999999999982,0.6357342274199689,0.03679001714451428,0.15719660869505794,0.14800151846300827,0.35387076933781464,0.19999999999996,0.19999999999996
24,3,11,0.13235711858001686,0.3081684624971249,28.636363636363637,3.8440680930665407,2.7272727272727257,0.7247189823839195,0.0364735649268294,0.15134353470256123,0.054052491435647235,0.43381233363739125,0.19999999999996,0.19999999999996
24,4,10,0.17808946359762623,0.27648024203803034,32.6,3.104834939252005,2.999999999999998,0.838839233678791,0.03734331151743047,0.15477885255873775,0.1601746609680646,0.3571075455961998,0.19999999999996,0.19999999999996
24,5,9,0.16950741084376925,0.27931364900067385,33.77777777777778,3.224137361899313,3.333333333333333,0.989183644089633,0.04281101656288631,0.15714530445597066,0.15385193057413465,0.33003554034399823,0.19999999999996,0.19999999999996
24,6,8,0.17242905882028203,0.2816618758372146,33.625,2.2603926650031405,3.749999999999999,1.1965222527928625,0.05148925383494307,0.16599801673176845,0.12786780346390542,0.38398400895622187,0.19999999999996,0.19999999999996
24,7,7,,,36.142857142857146,3.7579846965616874,4.285714285714284,0.0,0.0,0.11645847396241125,0.2365232500450823,0.1592548148051208,0.33333333333322224,0.0
24,8,5,0.12797211186155164,0.18445234495358023,34.9,3.733630940518894,5.999999999999998,2.1391404433320305,0.0371248231179385,0.1511458355872605,0.10037962082473045,0.17016330489959652,0.19999999999996,0.19999999999996
24,9,4,0.2830750748208364,0.204361470737002,37.875,1.8157298807917437,7.500000000000002,3.0389771751540313,0.04174553650559493,0.15227671043355856,0.3411138073613004,0.14190199249148736,0.19999999999996,0.19999999999996
24,10,3,10.8302120440484,-6.331041646747123,38.444366666666674,1.4989420142961585,9.999999999999993,0.19387309623761942,0.0226886631915644,0.1355606712916588,0.10933294186516095,0.41798692682418903,0.19999999999996,0.19999999999996
25,1,13,0.2325259092882194,0.2460844363488067,18.384615384615383,2.403153746432817,2.307692307692306,0.07295605172188231,0.01573022479508063,0.19650766500259206,0.27756445918305817,0.30626209748649796,0.19999999999995996,0.19999999999996
25,2,13,,,21.03846153846154,2.125500289176631,2.307692307692307,0.0,1.8041124150158796e-16,0.1807774402075116,0.26171375677922115,0.22061392223689683,0.33333333333322224,0.0
25,3,11,0.2285431210324945,0.20964559504080338,22.181818181818183,2.124240262826895,2.727272727272727,0.07576854682693546,0.01643850478820061,0.20564342114022896,0.2614161699807428,0.23573120123562313,0.19999999999996,0.19999999999996
25,4,11,0.23384886668234917,0.3501679168504178,24.636363636363637,1.8719327529067273,2.727272727272726,0.7513985834124753,0.043162418293234125,0.23236733464526244,0.1919605175477767,0.4786989006240169,0.19999999999996,0.19999999999996
25,5,10,0.14911083869096187,0.32139508489685664,26.1,2.3853720883753127,2.9999999999999987,0.8559809864197977,0.043259491875217534,0.24043499476314825,0.09972039106765955,0.42337063787037726,0.19999999999996,0.19999999999996
25,6,9,0.13668017870898708,0.3265588963885675,34.0,4.422166387140534,3.3333333333333304,0.9328314818784487,0.034035367030822744,0.23850206468539076,0.0835618517037387,0.42053663419517134,0.19999999999996,0.19999999999996
25,7,8,,,26.875,1.964529205687714,3.75,0.0,0.0,0.2135909067614182,0.22505159309898992,0.10883829938459627,0.3333333333332222,0.0
25,8,6,0.20205903730343303,0.18100538298561328,26.083333333333332,2.148966159704605,4.999999999999998,1.7722410871881977,0.040465353583514684,0.2539166153027365,0.155585391734579,0.18435795352961343,0.19999999999995996,0.19999999999996
25,9,5,0.19060737467383856,0.16929014683148935,27.0,1.9235384061671346,5.999999999999998,2.286185372820105,0.043424356761885,0.2464677085605395,0.05444003495101654,0.21679313413336626,0.19999999999996,0.19999999999996
25,10,4,0.1614449251576937,0.17172315614287256,39.097175,1.0276935058055976,7.499999999999998,0.17449639914456003,0.0237774924791234,0.23962205365122585,0.15627153850782444,0.1549729706549334,0.19999999999996,0.19999999999996
26,1,10,,,21.0,2.3664319132398464,3.0,0.0,1.3877787807814454e-16,0.2566845824923054,,,,
26,2,8,,,33.4375,2.530285309999645,3.75,0.0,0.0,0.2566845824923053,0.21559258902956321,0.1348619201159615,0.3333333333332222,0.0
26,3,6,,,35.166666666666664,3.760171390892826,4.999999999999999,8.881784197001252e-16,1.665334536937735e-16,0.21460285264945136,0.5491358807537893,0.1648095518449794,0.33333333333322224,0.0
26,4,3,0.3449262140567448,0.17845810758603897,28.5,0.408248290463863,10.000000000000005,0.1070948319931507,0.0245978545252984,0.2271665655172143,0.5012202897117537,0.14475147271085212,0.19999999999996,0.19999999999996
27,1,13,,,19.615384615384617,2.458531817614906,2.307692307692306,0.585853911001861,0.0440222545894373,0.14657688432289867,,,,
27,2,12,0.16885084160505748,0.30797098597762373,22.541666666666668,2.87560380132977,2.4999999999999987,0.659751874742032,0.03665410124307147,0.13923833380488665,0.09785032377417792,0.43122448233492705,0.19999999999996,0.19999999999996
27,3,11,0.16363274338374786,0.30978355814132513,24.636363636363637,3.2550025072669375,2.727272727272726,0.7450441229065655,0.04516064034853753,0.15530954964091237,0.10733584868462895,0.4206179701354224,0.19999999999996,0.19999999999996
27,4,10,0.16690617108436925,0.2816389726592586,23.2,3.709447398198282,2.999999999999999,0.9871520754431999,0.0766217291889124,0.19169695325304836,0.13317234021903537,0.3863610200591835,0.19999999999996,0.19999999999996
27,5,9,0.2398038064560108,0.19435394336467154,24.666666666666668,3.6209268304000717,3.3333333333333317,0.1346893636543548,0.017489505690820088,0.13780380341973417,0.27257447986182504,0.1801876747805397,0.19999999999996,0.19999999999996
27,6,9,0.1570483795093384,0.27570232241542464,25.444444444444443,3.715167443844553,3.3333333333333326,0.9826196387183936,0.04627119526243102,0.16658549299134512,0.09982374458600714,0.33754456017273304,0.19999999999996,0.19999999999996
27,7,8,,,27.1875,1.7309228030157786,3.75,0.0,0.0,0.12444377270219058,0.2783949126977207,0.10225673528436785,0.3333333333332222,0.0
27,8,6,,,26.833333333333332,2.981423969999719,4.999999999999999,8.881784197001252e-16,1.665334536937735e-16,0.130243895969562,0.1348946262280025,0.14513029377253978,0.33333333333322224,0.0
27,9,4,0.1593951202106886,0.27838293931771085,28.875,1.243734296383275,7.499999999999998,0.20493011166740097,0.0247311077480865,0.1434820975964439,0.11417318015688442,0.42996810143839664,0.19999999999996,0.19999999999996
28,1,12,,,16.416666666666668,2.8418988174966553,2.4999999999999996,4.440892098500626e-16,1.665334536937735e-16,0.18435214707428696,0.21602299125427482,0.08361966939302073,0.33333333333322224,0.0
28,2,12,0.1997155875047101,0.2467272399311225,18.25,3.112474899497183,2.4999999999999982,1.3724880968159883,0.2217429994849206,0.40609514655920737,0.15864214418897998,0.2246222510081594,0.19999999999996,0.19999999999996
28,3,10,,,19.8,3.9446165846632044,3.0,0.0,1.3877787807814454e-16,0.2123837417243124,0.21625754360051747,0.09959792332184626,0.3333333333332222,0.0
28,4,10,0.17806279932252225,0.30450606827051885,28.2,4.354308211415448,2.9999999999999987,1.0721238321673103,0.049754533042372484,0.26213827476668483,0.16179747217474671,0.3853008944462296,0.19999999999996,0.19999999999996
28,5,9,,,23.88888888888889,2.4241582476968255,3.333333333333333,0.0,1.249000902703301e-16,0.2020970985477973,0.29866417326115846,0.1139764690247045,0.33333333333322224,0.0
28,6,9,,,25.333333333333332,1.8257418583505538,3.333333333333333,0.0,0.4251973026577077,0.627294401205505,0.2502640818639911,0.1072982052669095,0.2499999999999375,0.0
28,7,8,0.1850382816831681,0.30822092860228634,25.25,1.9364916731037085,3.749999999999999,1.954739914415674,0.06261656994326739,0.2629055703840084,0.19356103046572465,0.3511607664790256,0.19999999999996,0.19999999999996
28,8,7,0.151963173569677,0.259307054830404,27.571314285714287,4.065724326059282,4.285714285714286,2.224537918928228,1.548517010698812e-16,0.1991246834278487,0.10632419926898953,0.31079253640818244,0.19999999999996,0.19999999999996
28,9,6,0.22907851534802567,0.2887868502613962,34.75,4.652508284069286,4.999999999999999,1.5955404464772365,1.1383320566649495e-16,0.20484572070409476,0.27615109529596704,0.36529078529934206,0.19999999999996,0.19999999999996
28,10,5,0.1429700030009208,0.32971732611312843,27.5,1.378404875209022,5.999999999999998,1.832128149360609,1.2255781657853467e-16,0.20431612596383775,0.12646811826036922,0.4134524343799886,0.19999999999996,0.19999999999996
28,11,4,,,29.25,0.5590169943749475,7.5,0.0,0.0,0.20999481994673158,0.2577344460811092,0.19455196148659337,0.33333333333322224,0.0
29,1,15,,,17.333333333333332,3.0037014202850156,1.9999999999999971,6.661338147750939e-16,0.0,0.15605362395540676,0.29276202945301094,0.10242554826157364,0.3333333333332223,0.0
29,2,15,0.20833094004603733,0.25784248480671357,18.2,2.072036035722674,1.999999999999999,0.7186357245274833,0.0659832315813009,0.22203685553670768,0.20881081707964025,0.3163755370571883,0.19999999999996,0.19999999999996
29,3,14,0.18307695022771386,0.2671011520844574,20.071428571428573,3.3050672289312217,2.1428571428571415,0.8023844048488502,0.06407349104602322,0.22004988526512495,0.1526473446165109,0.31476337345848887,0.19999999999996,0.19999999999996
29,4,13,0.14305032697164152,0.26153423760967703,23.153846153846153,1.9940740610485725,2.307692307692306,1.4456344734857647,0.0977931400018108,0.250112385190047,0.1095225967905502,0.2506813922511182,0.19999999999996,0.19999999999996
29,5,12,0.25261042738621503,0.2263401296514725,23.916666666666668,2.899952106884219,2.4999999999999987,1.0094689753183494,0.06190959954846295,0.21558188487838933,0.268786159090616,0.208474079474565,0.19999999999996,0.19999999999996
29,6,11,0.18503951448883585,0.2599238365982578,24.363636363636363,2.8371793698776795,2.7272727272727253,1.156185161828306,0.06294637369184893,0.22530048354574292,0.1530610752130599,0.3382818694408569,0.19999999999996,0.19999999999996
29,7,10,0.2859953814259747,0.21084804642891347,26.0,2.0,2.9999999999999987,1.6566254669985092,0.16771631250237212,0.33570925785416816,0.3512337879607093,0.14393978146672193,0.19999999999996,0.19999999999995996
29,8,8,0.23256410544289882,0.23313260661563165,27.74995,1.8540428817856398,3.7499999999999996,2.3081309058077406,0.09554553001030933,0.26627673806462204,0.3033516643502399,0.23586128723771324,0.19999999999996,0.19999999999996
29,9,7,0.14648324762113724,0.40708786187087465,27.571314285714283,2.321169658001002,4.285714285714286,1.7644005326759375,1.0535444070905276e-16,0.16440329155939806,0.0678423289336912,0.6092043736576115,0.19999999999996,0.19999999999996
29,10,6,0.24311306188931234,0.34586550868261756,29.0,0.7637626158259734,5.0,2.7373031297648738,8.599065613824368e-17,0.16793015377635598,0.27272426211082695,0.4278932357304931,0.19999999999996,0.19999999999996
29,11,4,,,29.625,0.649519052838329,7.5,0.0,0.0,0.1511621257822255,0.16918367469077486,0.11614125208039776,0.3333333333332222,0.0
30,1,15,,,24.4,3.720215047547655,1.9999999999999971,6.661338147750939e-16,0.0,0.17453109297051653,0.3936953461845374,0.09138483168359458,0.33333333333322224,0.0
30,2,15,0.1676318901686786,0.3177558193459896,25.666666666666668,4.01109572173102,1.999999999999999,0.7736402390795194,0.06693922766828889,0.2414703206388054,0.1507899985696974,0.3868509855224394,0.19999999999995996,0.19999999999996
30,3,14,0.17450291729880463,0.1979196206273298,21.285714285714285,1.905952009160905,2.1428571428571415,2.0268776700551974,0.29268252152205415,0.4724647458150918,0.16317488193437138,0.194222115606615,0.19999999999996,0.19999999999996
30,4,13,0.1600499380182484,0.31884992956418107,32.07692307692308,2.927628035997702,2.3076923076923066,1.225183629493576,0.18550382986656866,0.3722528208652263,0.11482630109398614,0.3270472100939333,0.19999999999996,0.19999999999996
30,5,11,0.20625683550046042,0.1886108689442591,35.0,3.2192602199319587,2.7272727272727253,2.7471039411705527,0.483852404022592,0.6789237790963267,0.267638145107946,0.18221272382327192,0.19999999999996,0.19999999999996
30,6,10,0.17476996309632437,0.3107857838526398,36.4,2.4979991993593593,2.9999999999999987,1.1356261915143149,0.04906560470537826,0.2453571326882102,0.15371397217663826,0.3691981377525914,0.19999999999996,0.19999999999996
30,7,9,0.1580406279253435,0.29896747544242913,36.333333333333336,2.9814239699997196,3.3333333333333326,1.1645070861505125,0.049802282635095625,0.24614634489603082,0.10184749088239843,0.35230836959431955,0.19999999999996,0.19999999999996
30,8,8,0.13617153790848305,0.29460914973530966,38.5,3.605551275463989,3.749999999999999,1.90622655821827,0.1345136157320892,0.3346618741369594,0.09968628460821033,0.3231666180840826,0.19999999999996,0.19999999999996
30,9,6,0.2634364388882438,0.1786909186612762,37.666666666666664,1.649915822768611,4.999999999999998,3.3092678548489367,1.0980209265055835e-16,0.19652512588763674,0.2624495894825498,0.14209325213985857,0.19999999999996,0.19999999999996
30,10,4,,,39.25,0.82915619758885,7.5,0.0,0.0,0.19933195737216045,0.3145938858814929,0.2561093558512219,0.3333333333332222,0.0
31,1,16,,,23.875,4.342738191510052,1.8749999999999984,0.8035432293384432,0.08367151993335682,0.22652986914402748,,,,
31,2,15,0.17944507123354972,0.286804426207779,27.466666666666665,3.2013885876114587,1.9999999999999984,0.8454429501713507,0.07428832139623362,0.21358625812869342,0.17021936191445383,0.3126542955979817,0.19999999999996,0.19999999999996
31,3,14,0.18234206186443475,0.2565909427956579,28.785714285714285,3.2988866396444254,2.1428571428571415,0.9541647621449585,0.07192410537112368,0.21412431883510594,0.14033180175676943,0.28018090044591,0.19999999999996,0.19999999999996
31,4,13,0.17747519914950516,0.2872278268014507,31.53846153846154,3.433217477603292,2.3076923076923066,0.8342565232276473,0.05765549485618489,0.2047380645741487,0.11274999125020838,0.36386324091442934,0.19999999999996,0.19999999999996
31,5,12,,,37.375,3.2540039438615724,2.4999999999999996,4.440892098500626e-16,0.22366187397956627,0.3735985022797725,0.07249738428160808,0.06362690313135369,0.24999999999993747,0.0
31,6,10,0.1977159665416705,0.2640300420388644,34.5,3.0083217912982647,2.999999999999999,1.304492400246824,0.05958463575105514,0.20565437064120937,0.19698630846074444,0.3089623823602677,0.19999999999996,0.19999999999996
31,7,9,0.1835502835007691,0.22636665412317586,36.166666666666664,2.260776661041756,3.333333333333332,1.4972236318919079,0.055751324539456956,0.1955005895516829,0.151602149327411,0.2022369338514252,0.19999999999996,0.19999999999996
31,8,8,0.22460895468556277,0.19774864064851966,39.25,4.968651728587948,3.749999999999999,1.739939001691354,0.11873511597663426,0.26019260677306105,0.25414479972526655,0.18918695789273027,0.19999999999996,0.19999999999996
31,9,6,0.20693746668958282,0.26911736160520255,36.666666666666664,2.718251071716682,4.999999999999998,2.2110157937992927,1.1456010124380856e-16,0.13461322422596617,0.21335698099810899,0.23900020347050635,0.19999999999996,0.19999999999996
31,10,4,,,39.0,1.0,7.5,0.0,0.0,0.12514303796507537,8.659113598099783e-12,0.19671547819703789,0.33333333333322224,0.0
32,1,14,,,16.5,3.375330671631617,2.142857142857141,1.268997234473351,0.09013116758437144,0.334263726395319,,,,
32,2,13,0.19792226537271526,0.24346734934269573,18.307692307692307,3.5166552155884494,2.307692307692307,1.7457695679619631,0.13197199888547032,0.3711692830805247,0.1977619447536279,0.2559408725940021,0.19999999999996,0.19999999999996
32,3,12,0.15838103560579017,0.29961423022110045,26.916666666666668,4.662944944512594,2.4999999999999987,0.8573523203812874,0.055030383918108945,0.3103591257681999,0.11305725187427686,0.36003756830999817,0.19999999999996,0.19999999999996
32,4,11,0.19391837187931932,0.17643966957315954,21.818181818181817,2.7901835005859645,2.7272727272727257,2.1017005506786792,0.1360909348263254,0.3919222968504304,0.16414925490474322,0.16304978142800128,0.19999999999996,0.19999999999996
32,5,10,0.2560834400606806,0.18596011779390675,24.0,3.0,2.999999999999999,1.5646087526574706,0.06933809818578324,0.3341090297798336,0.29332087740247553,0.16230161636937698,0.19999999999996,0.19999999999995993
32,6,9,0.1286505960288637,0.20492683833417713,35.77777777777778,4.391349521193223,3.3333333333333317,2.046956543247948,0.08726660083501529,0.362419634143356,0.08092130177218386,0.20471611445578466,0.19999999999996,0.19999999999996
32,7,8,0.17765350998263282,0.18642030891571182,35.25,1.8371173070873836,3.7499999999999987,3.810379910570621,0.2623006982534716,0.5274636895770043,0.16130367377047236,0.17730659334028806,0.19999999999996002,0.19999999999996002
32,8,7,0.21882568091497215,0.2491862002845898,36.142857142857146,4.389226141639205,4.285714285714285,2.224537918928228,1.548517010698812e-16,0.2636805475532206,0.2532477514071251,0.30559700539639034,0.19999999999996,0.19999999999996
32,9,6,0.19204023240186716,0.3343234561654019,36.833333333333336,4.597704741377907,4.999999999999999,1.5955404464772365,1.1383320566649498e-16,0.25437957353253476,0.1914374511193933,0.4699615783933449,0.19999999999996,0.19999999999996
32,10,5,,,28.5,1.5811388300841898,6.0,0.0,1.3877787807814454e-16,0.24393488719609296,0.4246223908220879,0.12028029106584934,0.33333333333322224,0.0
32,11,5,,,29.1,1.319090595827292,6.0,0.0,1.3877787807814454e-16,0.24393488719609296,0.3194003633603493,0.14227651734882818,0.33333333333322224,0.0
33,1,13,,,19.0,2.253202848596432,2.307692307692307,0.0,1.8041124150158796e-16,0.1718764365404801,0.24476301000046777,0.0942969990288322,0.3333333333332222,0.0
33,2,13,0.2008393090891803,0.21270707940144706,19.846153846153847,2.655796384866472,2.307692307692306,1.5128641376036605,0.3346607034782649,0.5065371400187447,0.1492197515869336,0.19649131958692245,0.19999999999996,0.19999999999996
33,3,11,0.1587498648929659,0.28580771875234007,28.90909090909091,4.138610778214559,2.727272727272726,1.3825039098300718,0.1617167759166234,0.3540276989268336,0.13712300612096948,0.3285966327720605,0.19999999999996,0.19999999999996
33,4,9,0.2187931390273818,0.1907992944052619,32.666666666666664,2.0548046676563256,3.333333333333332,1.9795290096003864,0.0963661143810601,0.2817576365426571,0.2545167685593979,0.1668547375595656,0.19999999999996,0.19999999999996
33,5,8,0.16042847875588045,0.2515120197153609,25.25,1.0606601717798212,3.7499999999999996,1.3186076597601362,0.04201508779427138,0.21502929169881316,0.10139428742567916,0.3019846464704419,0.19999999999996,0.19999999999996
33,6,7,0.15518204309691785,0.17240694915546464,29.428571428571427,2.7180425129200643,4.285714285714286,2.7740323463728145,1.492851364752601e-16,0.16741324370901386,0.10643907984684567,0.17423089035097772,0.19999999999996,0.19999999999996
33,7,6,0.21352274062922028,0.32138079267720654,26.666666666666668,1.863389981249825,4.999999999999999,1.5955404464772365,1.1383320566649495e-16,0.15681234343078254,0.19382900701304887,0.4724718670063465,0.19999999999996,0.19999999999996
33,8,5,,,28.0,1.0488088481701516,6.0,0.0,1.3877787807814454e-16,0.16098318182714633,0.09312892996987272,0.20700240072681483,0.3333333333332222,0.0
33,9,5,,,29.1,0.7348469228349533,6.0,0.0,1.3877787807814454e-16,0.16098318182714633,0.13988173088669123,0.19633060585947748,0.3333333333332223,0.0
34,1,14,,,11.714285714285714,2.015247997095126,2.142857142857142,0.0,0.0,0.3128382364257473,0.18286797339698685,0.1095830225803469,0.33333333333322224,0.0
34,2,14,0.17459380928189835,0.27639302816161726,19.857142857142858,2.2314999074019015,2.142857142857141,1.537281096608946,0.3204871208628754,0.6333253572886227,0.1567557507563726,0.25899528403662414,0.19999999999996,0.19999999999996
34,3,12,0.1680040041541914,0.26402991408945825,21.416666666666668,2.0190069065976197,2.4999999999999987,0.8708389673354382,0.0559820868659421,0.3578254953281341,0.11277115549532372,0.30557119766455154,0.19999999999995996,0.19999999999996
34,4,11,0.17862915894118195,0.20551204100234885,22.545454545454547,1.8763424945954814,2.7272727272727266,2.7863738116861634,0.697127459378179,1.0052147517338184,0.13055543909607578,0.18892901020496836,0.19999999999995996,0.19999999999996
34,5,10,,,31.3,3.4655446902326914,3.0,0.0,1.3877787807814454e-16,0.31848360706801027,0.2698323343850559,0.1667807150197074,0.33333333333322224,0.0
34,6,10,0.15655435489227953,0.2735359366606571,34.0,3.9496835316262997,2.999999999999999,1.2616104893102449,0.057188976368514347,0.3756725834365245,0.12155770486934946,0.316481200015924,0.19999999999996,0.19999999999996
34,7,9,0.16697900313372632,0.3415349541045437,36.888888888888886,4.4831646670737815,3.3333333333333317,1.7364063641348577,0.06456792522974739,0.38120777049016613,0.17719671012549834,0.39222924519058666,0.19999999999996,0.19999999999996
34,8,8,0.19823787830793896,0.22333386146234055,37.6875,1.5799030824705673,3.749999999999999,1.5293119499268522,0.04701700111456757,0.3635067736942311,0.22982345471828283,0.2532816166710449,0.19999999999996,0.19999999999996
34,9,7,0.1688519269005168,0.3139777663286542,38.57142857142857,4.403152859263555,4.285714285714284,1.4118484248740273,1.418500929241416e-16,0.3110874265189672,0.1777376258765577,0.41414578310327244,0.19999999999996,0.19999999999996
34,10,6,0.18008651754361557,0.15843001179257737,28.666666666666668,0.6236095644623235,4.999999999999999,3.2637512272316007,1.997731499591809e-16,0.3045731696653115,0.1660971860854011,0.1414465075688705,0.19999999999996,0.19999999999996
34,11,5,,,29.53324,0.340002621166367,6.0,0.0,1.3877787807814454e-16,0.30444797908348764,0.1576803399710654,0.10816493114786858,0.3333333333332222,0.0
